file,line,column,type,code,message,docs,severity,link
admin/views/settings.php,22,1,WARNING,WordPress.NamingConventions.PrefixAllGlobals.NonPrefixedVariableFound,"Global variables defined by a theme/plugin should start with the theme/plugin prefix. Found: &quot;$saved&quot;.",,6,https://clientflow.wpclientflow.co.uk/wp-admin/plugin-editor.php?plugin=clientflow%2Fclientflow.php&file=clientflow%2Fadmin%2Fviews%2Fsettings.php&line=22
admin/views/settings.php,25,17,WARNING,WordPress.Security.ValidatedSanitizedInput.InputNotValidated,"Detected usage of a possibly undefined superglobal array index: $_SERVER[&#039;REQUEST_METHOD&#039;]. Check that the array index exists before using it.",,5,https://clientflow.wpclientflow.co.uk/wp-admin/plugin-editor.php?plugin=clientflow%2Fclientflow.php&file=clientflow%2Fadmin%2Fviews%2Fsettings.php&line=25
admin/views/settings.php,26,24,WARNING,WordPress.Security.ValidatedSanitizedInput.MissingUnslash,"$_POST[&#039;clientflow_settings_nonce&#039;] not unslashed before sanitization. Use wp_unslash() or similar",,5,https://clientflow.wpclientflow.co.uk/wp-admin/plugin-editor.php?plugin=clientflow%2Fclientflow.php&file=clientflow%2Fadmin%2Fviews%2Fsettings.php&line=26
admin/views/settings.php,26,24,WARNING,WordPress.Security.ValidatedSanitizedInput.InputNotSanitized,"Detected usage of a non-sanitized input variable: $_POST[&#039;clientflow_settings_nonce&#039;]",,5,https://clientflow.wpclientflow.co.uk/wp-admin/plugin-editor.php?plugin=clientflow%2Fclientflow.php&file=clientflow%2Fadmin%2Fviews%2Fsettings.php&line=26
admin/views/settings.php,28,9,WARNING,WordPress.NamingConventions.PrefixAllGlobals.NonPrefixedVariableFound,"Global variables defined by a theme/plugin should start with the theme/plugin prefix. Found: &quot;$fields&quot;.",,6,https://clientflow.wpclientflow.co.uk/wp-admin/plugin-editor.php?plugin=clientflow%2Fclientflow.php&file=clientflow%2Fadmin%2Fviews%2Fsettings.php&line=28
admin/views/settings.php,36,30,WARNING,WordPress.NamingConventions.PrefixAllGlobals.NonPrefixedVariableFound,"Global variables defined by a theme/plugin should start with the theme/plugin prefix. Found: &quot;$option&quot;.",,6,https://clientflow.wpclientflow.co.uk/wp-admin/plugin-editor.php?plugin=clientflow%2Fclientflow.php&file=clientflow%2Fadmin%2Fviews%2Fsettings.php&line=36
admin/views/settings.php,36,41,WARNING,WordPress.NamingConventions.PrefixAllGlobals.NonPrefixedVariableFound,"Global variables defined by a theme/plugin should start with the theme/plugin prefix. Found: &quot;$sanitizer&quot;.",,6,https://clientflow.wpclientflow.co.uk/wp-admin/plugin-editor.php?plugin=clientflow%2Fclientflow.php&file=clientflow%2Fadmin%2Fviews%2Fsettings.php&line=36
admin/views/settings.php,37,13,WARNING,WordPress.NamingConventions.PrefixAllGlobals.NonPrefixedVariableFound,"Global variables defined by a theme/plugin should start with the theme/plugin prefix. Found: &quot;$value&quot;.",,6,https://clientflow.wpclientflow.co.uk/wp-admin/plugin-editor.php?plugin=clientflow%2Fclientflow.php&file=clientflow%2Fadmin%2Fviews%2Fsettings.php&line=37
admin/views/settings.php,37,82,WARNING,WordPress.Security.ValidatedSanitizedInput.InputNotSanitized,"Detected usage of a non-sanitized input variable: $_POST[$option]",,5,https://clientflow.wpclientflow.co.uk/wp-admin/plugin-editor.php?plugin=clientflow%2Fclientflow.php&file=clientflow%2Fadmin%2Fviews%2Fsettings.php&line=37
admin/views/settings.php,42,9,WARNING,WordPress.NamingConventions.PrefixAllGlobals.NonPrefixedVariableFound,"Global variables defined by a theme/plugin should start with the theme/plugin prefix. Found: &quot;$_save_owner_id&quot;.",,6,https://clientflow.wpclientflow.co.uk/wp-admin/plugin-editor.php?plugin=clientflow%2Fclientflow.php&file=clientflow%2Fadmin%2Fviews%2Fsettings.php&line=42
admin/views/settings.php,59,9,WARNING,WordPress.NamingConventions.PrefixAllGlobals.NonPrefixedVariableFound,"Global variables defined by a theme/plugin should start with the theme/plugin prefix. Found: &quot;$saved&quot;.",,6,https://clientflow.wpclientflow.co.uk/wp-admin/plugin-editor.php?plugin=clientflow%2Fclientflow.php&file=clientflow%2Fadmin%2Fviews%2Fsettings.php&line=59
admin/views/settings.php,67,1,WARNING,WordPress.NamingConventions.PrefixAllGlobals.NonPrefixedVariableFound,"Global variables defined by a theme/plugin should start with the theme/plugin prefix. Found: &quot;$pub_key&quot;.",,6,https://clientflow.wpclientflow.co.uk/wp-admin/plugin-editor.php?plugin=clientflow%2Fclientflow.php&file=clientflow%2Fadmin%2Fviews%2Fsettings.php&line=67
admin/views/settings.php,68,1,WARNING,WordPress.NamingConventions.PrefixAllGlobals.NonPrefixedVariableFound,"Global variables defined by a theme/plugin should start with the theme/plugin prefix. Found: &quot;$secret_key&quot;.",,6,https://clientflow.wpclientflow.co.uk/wp-admin/plugin-editor.php?plugin=clientflow%2Fclientflow.php&file=clientflow%2Fadmin%2Fviews%2Fsettings.php&line=68
admin/views/settings.php,69,1,WARNING,WordPress.NamingConventions.PrefixAllGlobals.NonPrefixedVariableFound,"Global variables defined by a theme/plugin should start with the theme/plugin prefix. Found: &quot;$webhook_sec&quot;.",,6,https://clientflow.wpclientflow.co.uk/wp-admin/plugin-editor.php?plugin=clientflow%2Fclientflow.php&file=clientflow%2Fadmin%2Fviews%2Fsettings.php&line=69
admin/views/settings.php,71,1,WARNING,WordPress.NamingConventions.PrefixAllGlobals.NonPrefixedVariableFound,"Global variables defined by a theme/plugin should start with the theme/plugin prefix. Found: &quot;$stripe_mode&quot;.",,6,https://clientflow.wpclientflow.co.uk/wp-admin/plugin-editor.php?plugin=clientflow%2Fclientflow.php&file=clientflow%2Fadmin%2Fviews%2Fsettings.php&line=71
admin/views/settings.php,72,1,WARNING,WordPress.NamingConventions.PrefixAllGlobals.NonPrefixedVariableFound,"Global variables defined by a theme/plugin should start with the theme/plugin prefix. Found: &quot;$webhook_url&quot;.",,6,https://clientflow.wpclientflow.co.uk/wp-admin/plugin-editor.php?plugin=clientflow%2Fclientflow.php&file=clientflow%2Fadmin%2Fviews%2Fsettings.php&line=72
admin/views/settings.php,74,1,WARNING,WordPress.NamingConventions.PrefixAllGlobals.NonPrefixedVariableFound,"Global variables defined by a theme/plugin should start with the theme/plugin prefix. Found: &quot;$business_name&quot;.",,6,https://clientflow.wpclientflow.co.uk/wp-admin/plugin-editor.php?plugin=clientflow%2Fclientflow.php&file=clientflow%2Fadmin%2Fviews%2Fsettings.php&line=74
admin/views/settings.php,75,1,WARNING,WordPress.NamingConventions.PrefixAllGlobals.NonPrefixedVariableFound,"Global variables defined by a theme/plugin should start with the theme/plugin prefix. Found: &quot;$from_name&quot;.",,6,https://clientflow.wpclientflow.co.uk/wp-admin/plugin-editor.php?plugin=clientflow%2Fclientflow.php&file=clientflow%2Fadmin%2Fviews%2Fsettings.php&line=75
admin/views/settings.php,76,1,WARNING,WordPress.NamingConventions.PrefixAllGlobals.NonPrefixedVariableFound,"Global variables defined by a theme/plugin should start with the theme/plugin prefix. Found: &quot;$from_email&quot;.",,6,https://clientflow.wpclientflow.co.uk/wp-admin/plugin-editor.php?plugin=clientflow%2Fclientflow.php&file=clientflow%2Fadmin%2Fviews%2Fsettings.php&line=76
admin/views/settings.php,77,1,WARNING,WordPress.NamingConventions.PrefixAllGlobals.NonPrefixedVariableFound,"Global variables defined by a theme/plugin should start with the theme/plugin prefix. Found: &quot;$brand_color&quot;.",,6,https://clientflow.wpclientflow.co.uk/wp-admin/plugin-editor.php?plugin=clientflow%2Fclientflow.php&file=clientflow%2Fadmin%2Fviews%2Fsettings.php&line=77
admin/views/settings.php,78,1,WARNING,WordPress.NamingConventions.PrefixAllGlobals.NonPrefixedVariableFound,"Global variables defined by a theme/plugin should start with the theme/plugin prefix. Found: &quot;$logo_url&quot;.",,6,https://clientflow.wpclientflow.co.uk/wp-admin/plugin-editor.php?plugin=clientflow%2Fclientflow.php&file=clientflow%2Fadmin%2Fviews%2Fsettings.php&line=78
admin/views/settings.php,80,1,WARNING,WordPress.NamingConventions.PrefixAllGlobals.NonPrefixedVariableFound,"Global variables defined by a theme/plugin should start with the theme/plugin prefix. Found: &quot;$testimonial_enabled&quot;.",,6,https://clientflow.wpclientflow.co.uk/wp-admin/plugin-editor.php?plugin=clientflow%2Fclientflow.php&file=clientflow%2Fadmin%2Fviews%2Fsettings.php&line=80
admin/views/settings.php,81,1,WARNING,WordPress.NamingConventions.PrefixAllGlobals.NonPrefixedVariableFound,"Global variables defined by a theme/plugin should start with the theme/plugin prefix. Found: &quot;$testimonial_body&quot;.",,6,https://clientflow.wpclientflow.co.uk/wp-admin/plugin-editor.php?plugin=clientflow%2Fclientflow.php&file=clientflow%2Fadmin%2Fviews%2Fsettings.php&line=81
admin/views/settings.php,82,1,WARNING,WordPress.NamingConventions.PrefixAllGlobals.NonPrefixedVariableFound,"Global variables defined by a theme/plugin should start with the theme/plugin prefix. Found: &quot;$testimonial_review_url&quot;.",,6,https://clientflow.wpclientflow.co.uk/wp-admin/plugin-editor.php?plugin=clientflow%2Fclientflow.php&file=clientflow%2Fadmin%2Fviews%2Fsettings.php&line=82
admin/views/settings.php,83,1,WARNING,WordPress.NamingConventions.PrefixAllGlobals.NonPrefixedVariableFound,"Global variables defined by a theme/plugin should start with the theme/plugin prefix. Found: &quot;$testimonial_cta_label&quot;.",,6,https://clientflow.wpclientflow.co.uk/wp-admin/plugin-editor.php?plugin=clientflow%2Fclientflow.php&file=clientflow%2Fadmin%2Fviews%2Fsettings.php&line=83
admin/views/settings.php,85,1,WARNING,WordPress.NamingConventions.PrefixAllGlobals.NonPrefixedVariableFound,"Global variables defined by a theme/plugin should start with the theme/plugin prefix. Found: &quot;$cf_owner_id&quot;.",,6,https://clientflow.wpclientflow.co.uk/wp-admin/plugin-editor.php?plugin=clientflow%2Fclientflow.php&file=clientflow%2Fadmin%2Fviews%2Fsettings.php&line=85
admin/views/settings.php,86,1,WARNING,WordPress.NamingConventions.PrefixAllGlobals.NonPrefixedVariableFound,"Global variables defined by a theme/plugin should start with the theme/plugin prefix. Found: &quot;$cf_payments_locked&quot;.",,6,https://clientflow.wpclientflow.co.uk/wp-admin/plugin-editor.php?plugin=clientflow%2Fclientflow.php&file=clientflow%2Fadmin%2Fviews%2Fsettings.php&line=86
admin/views/settings.php,87,1,WARNING,WordPress.NamingConventions.PrefixAllGlobals.NonPrefixedVariableFound,"Global variables defined by a theme/plugin should start with the theme/plugin prefix. Found: &quot;$cf_is_free&quot;.",,6,https://clientflow.wpclientflow.co.uk/wp-admin/plugin-editor.php?plugin=clientflow%2Fclientflow.php&file=clientflow%2Fadmin%2Fviews%2Fsettings.php&line=87
admin/views/settings.php,372,32,WARNING,WordPress.NamingConventions.PrefixAllGlobals.NonPrefixedVariableFound,"Global variables defined by a theme/plugin should start with the theme/plugin prefix. Found: &quot;$err&quot;.",,6,https://clientflow.wpclientflow.co.uk/wp-admin/plugin-editor.php?plugin=clientflow%2Fclientflow.php&file=clientflow%2Fadmin%2Fviews%2Fsettings.php&line=372
admin/views/settings.php,592,25,ERROR,WordPress.WP.I18n.MissingTranslatorsComment,"A function call to esc_html__() with texts containing placeholders was found, but was not accompanied by a ""translators:"" comment on the line above to clarify the meaning of the placeholders.",https://developer.wordpress.org/plugins/internationalization/how-to-internationalize-your-plugin/#descriptions,5,https://clientflow.wpclientflow.co.uk/wp-admin/plugin-editor.php?plugin=clientflow%2Fclientflow.php&file=clientflow%2Fadmin%2Fviews%2Fsettings.php&line=592
rest-api/webhooks.php,372,24,ERROR,WordPress.WP.I18n.MissingTranslatorsComment,"A function call to __() with texts containing placeholders was found, but was not accompanied by a ""translators:"" comment on the line above to clarify the meaning of the placeholders.",https://developer.wordpress.org/plugins/internationalization/how-to-internationalize-your-plugin/#descriptions,5,https://clientflow.wpclientflow.co.uk/wp-admin/plugin-editor.php?plugin=clientflow%2Fclientflow.php&file=clientflow%2Frest-api%2Fwebhooks.php&line=372
.DS_Store,0,0,ERROR,hidden_files,"Hidden files are not permitted.",,8,
admin/views/plan-overview.php,25,1,WARNING,WordPress.NamingConventions.PrefixAllGlobals.NonPrefixedVariableFound,"Global variables defined by a theme/plugin should start with the theme/plugin prefix. Found: &quot;$user_plan&quot;.",,6,https://clientflow.wpclientflow.co.uk/wp-admin/plugin-editor.php?plugin=clientflow%2Fclientflow.php&file=clientflow%2Fadmin%2Fviews%2Fplan-overview.php&line=25
admin/views/plan-overview.php,26,1,WARNING,WordPress.NamingConventions.PrefixAllGlobals.NonPrefixedVariableFound,"Global variables defined by a theme/plugin should start with the theme/plugin prefix. Found: &quot;$usage_data&quot;.",,6,https://clientflow.wpclientflow.co.uk/wp-admin/plugin-editor.php?plugin=clientflow%2Fclientflow.php&file=clientflow%2Fadmin%2Fviews%2Fplan-overview.php&line=26
admin/views/plan-overview.php,27,1,WARNING,WordPress.NamingConventions.PrefixAllGlobals.NonPrefixedVariableFound,"Global variables defined by a theme/plugin should start with the theme/plugin prefix. Found: &quot;$feature_access&quot;.",,6,https://clientflow.wpclientflow.co.uk/wp-admin/plugin-editor.php?plugin=clientflow%2Fclientflow.php&file=clientflow%2Fadmin%2Fviews%2Fplan-overview.php&line=27
admin/views/plan-overview.php,53,1,WARNING,WordPress.NamingConventions.PrefixAllGlobals.NonPrefixedVariableFound,"Global variables defined by a theme/plugin should start with the theme/plugin prefix. Found: &quot;$plan_labels&quot;.",,6,https://clientflow.wpclientflow.co.uk/wp-admin/plugin-editor.php?plugin=clientflow%2Fclientflow.php&file=clientflow%2Fadmin%2Fviews%2Fplan-overview.php&line=53
admin/views/plan-overview.php,59,1,WARNING,WordPress.NamingConventions.PrefixAllGlobals.NonPrefixedVariableFound,"Global variables defined by a theme/plugin should start with the theme/plugin prefix. Found: &quot;$plan_label&quot;.",,6,https://clientflow.wpclientflow.co.uk/wp-admin/plugin-editor.php?plugin=clientflow%2Fclientflow.php&file=clientflow%2Fadmin%2Fviews%2Fplan-overview.php&line=59
admin/views/plan-overview.php,60,1,WARNING,WordPress.NamingConventions.PrefixAllGlobals.NonPrefixedVariableFound,"Global variables defined by a theme/plugin should start with the theme/plugin prefix. Found: &quot;$is_agency&quot;.",,6,https://clientflow.wpclientflow.co.uk/wp-admin/plugin-editor.php?plugin=clientflow%2Fclientflow.php&file=clientflow%2Fadmin%2Fviews%2Fplan-overview.php&line=60
admin/views/plan-overview.php,61,1,WARNING,WordPress.NamingConventions.PrefixAllGlobals.NonPrefixedVariableFound,"Global variables defined by a theme/plugin should start with the theme/plugin prefix. Found: &quot;$is_pro_or_above&quot;.",,6,https://clientflow.wpclientflow.co.uk/wp-admin/plugin-editor.php?plugin=clientflow%2Fclientflow.php&file=clientflow%2Fadmin%2Fviews%2Fplan-overview.php&line=61
admin/views/plan-overview.php,64,1,WARNING,WordPress.NamingConventions.PrefixAllGlobals.NonPrefixedVariableFound,"Global variables defined by a theme/plugin should start with the theme/plugin prefix. Found: &quot;$ai_prog&quot;.",,6,https://clientflow.wpclientflow.co.uk/wp-admin/plugin-editor.php?plugin=clientflow%2Fclientflow.php&file=clientflow%2Fadmin%2Fviews%2Fplan-overview.php&line=64
admin/views/plan-overview.php,65,1,WARNING,WordPress.NamingConventions.PrefixAllGlobals.NonPrefixedVariableFound,"Global variables defined by a theme/plugin should start with the theme/plugin prefix. Found: &quot;$prop_prog&quot;.",,6,https://clientflow.wpclientflow.co.uk/wp-admin/plugin-editor.php?plugin=clientflow%2Fclientflow.php&file=clientflow%2Fadmin%2Fviews%2Fplan-overview.php&line=65
admin/views/plan-overview.php,66,1,WARNING,WordPress.NamingConventions.PrefixAllGlobals.NonPrefixedVariableFound,"Global variables defined by a theme/plugin should start with the theme/plugin prefix. Found: &quot;$storage_prog&quot;.",,6,https://clientflow.wpclientflow.co.uk/wp-admin/plugin-editor.php?plugin=clientflow%2Fclientflow.php&file=clientflow%2Fadmin%2Fviews%2Fplan-overview.php&line=66
admin/views/plan-overview.php,67,1,WARNING,WordPress.NamingConventions.PrefixAllGlobals.NonPrefixedVariableFound,"Global variables defined by a theme/plugin should start with the theme/plugin prefix. Found: &quot;$team_prog&quot;.",,6,https://clientflow.wpclientflow.co.uk/wp-admin/plugin-editor.php?plugin=clientflow%2Fclientflow.php&file=clientflow%2Fadmin%2Fviews%2Fplan-overview.php&line=67
admin/views/plan-overview.php,70,1,WARNING,WordPress.NamingConventions.PrefixAllGlobals.NonPrefixedVariableFound,"Global variables defined by a theme/plugin should start with the theme/plugin prefix. Found: &quot;$features&quot;.",,6,https://clientflow.wpclientflow.co.uk/wp-admin/plugin-editor.php?plugin=clientflow%2Fclientflow.php&file=clientflow%2Fadmin%2Fviews%2Fplan-overview.php&line=70
admin/views/plan-overview.php,130,1,WARNING,WordPress.NamingConventions.PrefixAllGlobals.NonPrefixedVariableFound,"Global variables defined by a theme/plugin should start with the theme/plugin prefix. Found: &quot;$upgrade_url&quot;.",,6,https://clientflow.wpclientflow.co.uk/wp-admin/plugin-editor.php?plugin=clientflow%2Fclientflow.php&file=clientflow%2Fadmin%2Fviews%2Fplan-overview.php&line=130
admin/views/plan-overview.php,714,29,WARNING,WordPress.NamingConventions.PrefixAllGlobals.NonPrefixedVariableFound,"Global variables defined by a theme/plugin should start with the theme/plugin prefix. Found: &quot;$used&quot;.",,6,https://clientflow.wpclientflow.co.uk/wp-admin/plugin-editor.php?plugin=clientflow%2Fclientflow.php&file=clientflow%2Fadmin%2Fviews%2Fplan-overview.php&line=714
admin/views/plan-overview.php,715,29,WARNING,WordPress.NamingConventions.PrefixAllGlobals.NonPrefixedVariableFound,"Global variables defined by a theme/plugin should start with the theme/plugin prefix. Found: &quot;$limit&quot;.",,6,https://clientflow.wpclientflow.co.uk/wp-admin/plugin-editor.php?plugin=clientflow%2Fclientflow.php&file=clientflow%2Fadmin%2Fviews%2Fplan-overview.php&line=715
admin/views/plan-overview.php,734,29,WARNING,WordPress.NamingConventions.PrefixAllGlobals.NonPrefixedVariableFound,"Global variables defined by a theme/plugin should start with the theme/plugin prefix. Found: &quot;$ai_used&quot;.",,6,https://clientflow.wpclientflow.co.uk/wp-admin/plugin-editor.php?plugin=clientflow%2Fclientflow.php&file=clientflow%2Fadmin%2Fviews%2Fplan-overview.php&line=734
admin/views/plan-overview.php,735,29,WARNING,WordPress.NamingConventions.PrefixAllGlobals.NonPrefixedVariableFound,"Global variables defined by a theme/plugin should start with the theme/plugin prefix. Found: &quot;$ai_limit&quot;.",,6,https://clientflow.wpclientflow.co.uk/wp-admin/plugin-editor.php?plugin=clientflow%2Fclientflow.php&file=clientflow%2Fadmin%2Fviews%2Fplan-overview.php&line=735
admin/views/plan-overview.php,783,46,WARNING,WordPress.NamingConventions.PrefixAllGlobals.NonPrefixedVariableFound,"Global variables defined by a theme/plugin should start with the theme/plugin prefix. Found: &quot;$feat&quot;.",,6,https://clientflow.wpclientflow.co.uk/wp-admin/plugin-editor.php?plugin=clientflow%2Fclientflow.php&file=clientflow%2Fadmin%2Fviews%2Fplan-overview.php&line=783
admin/views/plan-overview.php,784,21,WARNING,WordPress.NamingConventions.PrefixAllGlobals.NonPrefixedVariableFound,"Global variables defined by a theme/plugin should start with the theme/plugin prefix. Found: &quot;$access&quot;.",,6,https://clientflow.wpclientflow.co.uk/wp-admin/plugin-editor.php?plugin=clientflow%2Fclientflow.php&file=clientflow%2Fadmin%2Fviews%2Fplan-overview.php&line=784
admin/views/plan-overview.php,785,21,WARNING,WordPress.NamingConventions.PrefixAllGlobals.NonPrefixedVariableFound,"Global variables defined by a theme/plugin should start with the theme/plugin prefix. Found: &quot;$active&quot;.",,6,https://clientflow.wpclientflow.co.uk/wp-admin/plugin-editor.php?plugin=clientflow%2Fclientflow.php&file=clientflow%2Fadmin%2Fviews%2Fplan-overview.php&line=785
admin/views/plan-overview.php,786,21,WARNING,WordPress.NamingConventions.PrefixAllGlobals.NonPrefixedVariableFound,"Global variables defined by a theme/plugin should start with the theme/plugin prefix. Found: &quot;$tooltip&quot;.",,6,https://clientflow.wpclientflow.co.uk/wp-admin/plugin-editor.php?plugin=clientflow%2Fclientflow.php&file=clientflow%2Fadmin%2Fviews%2Fplan-overview.php&line=786
admin/views/plan-overview.php,788,25,WARNING,WordPress.NamingConventions.PrefixAllGlobals.NonPrefixedVariableFound,"Global variables defined by a theme/plugin should start with the theme/plugin prefix. Found: &quot;$tooltip&quot;.",,6,https://clientflow.wpclientflow.co.uk/wp-admin/plugin-editor.php?plugin=clientflow%2Fclientflow.php&file=clientflow%2Fadmin%2Fviews%2Fplan-overview.php&line=788
admin/views/plan-overview.php,797,40,ERROR,WordPress.Security.EscapeOutput.OutputNotEscaped,"All output should be run through an escaping function (see the Security sections in the WordPress Developer Handbooks), found '$feat['icon']'.",https://developer.wordpress.org/apis/security/escaping/#escaping-functions,5,https://clientflow.wpclientflow.co.uk/wp-admin/plugin-editor.php?plugin=clientflow%2Fclientflow.php&file=clientflow%2Fadmin%2Fviews%2Fplan-overview.php&line=797
admin/views/plan-overview.php,834,17,WARNING,WordPress.NamingConventions.PrefixAllGlobals.NonPrefixedVariableFound,"Global variables defined by a theme/plugin should start with the theme/plugin prefix. Found: &quot;$ai_limit_val&quot;.",,6,https://clientflow.wpclientflow.co.uk/wp-admin/plugin-editor.php?plugin=clientflow%2Fclientflow.php&file=clientflow%2Fadmin%2Fviews%2Fplan-overview.php&line=834
admin/views/plan-overview.php,860,17,WARNING,WordPress.NamingConventions.PrefixAllGlobals.NonPrefixedVariableFound,"Global variables defined by a theme/plugin should start with the theme/plugin prefix. Found: &quot;$prop_limit&quot;.",,6,https://clientflow.wpclientflow.co.uk/wp-admin/plugin-editor.php?plugin=clientflow%2Fclientflow.php&file=clientflow%2Fadmin%2Fviews%2Fplan-overview.php&line=860
admin/views/plan-overview.php,881,17,WARNING,WordPress.NamingConventions.PrefixAllGlobals.NonPrefixedVariableFound,"Global variables defined by a theme/plugin should start with the theme/plugin prefix. Found: &quot;$mb&quot;.",,6,https://clientflow.wpclientflow.co.uk/wp-admin/plugin-editor.php?plugin=clientflow%2Fclientflow.php&file=clientflow%2Fadmin%2Fviews%2Fplan-overview.php&line=881
readme.txt,0,0,ERROR,outdated_tested_upto_header,"Tested up to: 6.7 < 6.9. The ""Tested up to"" value in your plugin is not set to the current version of WordPress. This means your plugin will not show up in searches, as we require plugins to be compatible and documented as tested up to the most recent version of WordPress.",https://developer.wordpress.org/plugins/wordpress-org/how-your-readme-txt-works/#readme-header-information,7,https://clientflow.wpclientflow.co.uk/wp-admin/plugin-editor.php?plugin=clientflow%2Fclientflow.php&file=clientflow%2Freadme.txt
readme.txt,0,0,WARNING,readme_parser_warnings_too_many_tags,"One or more tags were ignored. Please limit your plugin to 5 tags.",,5,https://clientflow.wpclientflow.co.uk/wp-admin/plugin-editor.php?plugin=clientflow%2Fclientflow.php&file=clientflow%2Freadme.txt
admin/views/setup.php,0,0,ERROR,missing_direct_file_access_protection,"PHP file should prevent direct access. Add a check like: if ( ! defined( 'ABSPATH' ) ) exit;",https://developer.wordpress.org/plugins/wordpress-org/common-issues/#direct-file-access,6,https://clientflow.wpclientflow.co.uk/wp-admin/plugin-editor.php?plugin=clientflow%2Fclientflow.php&file=clientflow%2Fadmin%2Fviews%2Fsetup.php
modules/proposals/class-proposal.php,639,43,WARNING,WordPress.Security.ValidatedSanitizedInput.MissingUnslash,"$_SERVER[&#039;REMOTE_ADDR&#039;] not unslashed before sanitization. Use wp_unslash() or similar",,5,https://clientflow.wpclientflow.co.uk/wp-admin/plugin-editor.php?plugin=clientflow%2Fclientflow.php&file=clientflow%2Fmodules%2Fproposals%2Fclass-proposal.php&line=639
modules/proposals/class-proposal.php,640,43,WARNING,WordPress.Security.ValidatedSanitizedInput.MissingUnslash,"$_SERVER[&#039;HTTP_USER_AGENT&#039;] not unslashed before sanitization. Use wp_unslash() or similar",,5,https://clientflow.wpclientflow.co.uk/wp-admin/plugin-editor.php?plugin=clientflow%2Fclientflow.php&file=clientflow%2Fmodules%2Fproposals%2Fclass-proposal.php&line=640
modules/proposals/class-proposal-client.php,196,63,WARNING,WordPress.Security.ValidatedSanitizedInput.InputNotSanitized,"Detected usage of a non-sanitized input variable: $_SERVER[&#039;REMOTE_ADDR&#039;]",,5,https://clientflow.wpclientflow.co.uk/wp-admin/plugin-editor.php?plugin=clientflow%2Fclientflow.php&file=clientflow%2Fmodules%2Fproposals%2Fclass-proposal-client.php&line=196
modules/proposals/class-proposal-client.php,197,63,WARNING,WordPress.Security.ValidatedSanitizedInput.InputNotSanitized,"Detected usage of a non-sanitized input variable: $_SERVER[&#039;HTTP_USER_AGENT&#039;]",,5,https://clientflow.wpclientflow.co.uk/wp-admin/plugin-editor.php?plugin=clientflow%2Fclientflow.php&file=clientflow%2Fmodules%2Fproposals%2Fclass-proposal-client.php&line=197
modules/proposals/class-proposal-client.php,289,63,WARNING,WordPress.Security.ValidatedSanitizedInput.InputNotSanitized,"Detected usage of a non-sanitized input variable: $_SERVER[&#039;REMOTE_ADDR&#039;]",,5,https://clientflow.wpclientflow.co.uk/wp-admin/plugin-editor.php?plugin=clientflow%2Fclientflow.php&file=clientflow%2Fmodules%2Fproposals%2Fclass-proposal-client.php&line=289
modules/proposals/class-proposal-client.php,290,63,WARNING,WordPress.Security.ValidatedSanitizedInput.InputNotSanitized,"Detected usage of a non-sanitized input variable: $_SERVER[&#039;HTTP_USER_AGENT&#039;]",,5,https://clientflow.wpclientflow.co.uk/wp-admin/plugin-editor.php?plugin=clientflow%2Fclientflow.php&file=clientflow%2Fmodules%2Fproposals%2Fclass-proposal-client.php&line=290
modules/proposals/class-proposal-client.php,352,63,WARNING,WordPress.Security.ValidatedSanitizedInput.InputNotSanitized,"Detected usage of a non-sanitized input variable: $_SERVER[&#039;REMOTE_ADDR&#039;]",,5,https://clientflow.wpclientflow.co.uk/wp-admin/plugin-editor.php?plugin=clientflow%2Fclientflow.php&file=clientflow%2Fmodules%2Fproposals%2Fclass-proposal-client.php&line=352
modules/proposals/class-proposal-client.php,353,63,WARNING,WordPress.Security.ValidatedSanitizedInput.InputNotSanitized,"Detected usage of a non-sanitized input variable: $_SERVER[&#039;HTTP_USER_AGENT&#039;]",,5,https://clientflow.wpclientflow.co.uk/wp-admin/plugin-editor.php?plugin=clientflow%2Fclientflow.php&file=clientflow%2Fmodules%2Fproposals%2Fclass-proposal-client.php&line=353
rest-api/client-proposals.php,194,37,WARNING,WordPress.Security.ValidatedSanitizedInput.MissingUnslash,"$_SERVER[&#039;REMOTE_ADDR&#039;] not unslashed before sanitization. Use wp_unslash() or similar",,5,https://clientflow.wpclientflow.co.uk/wp-admin/plugin-editor.php?plugin=clientflow%2Fclientflow.php&file=clientflow%2Frest-api%2Fclient-proposals.php&line=194
rest-api/client-proposals.php,195,37,WARNING,WordPress.Security.ValidatedSanitizedInput.MissingUnslash,"$_SERVER[&#039;HTTP_USER_AGENT&#039;] not unslashed before sanitization. Use wp_unslash() or similar",,5,https://clientflow.wpclientflow.co.uk/wp-admin/plugin-editor.php?plugin=clientflow%2Fclientflow.php&file=clientflow%2Frest-api%2Fclient-proposals.php&line=195
rest-api/files.php,126,61,WARNING,WordPress.Security.ValidatedSanitizedInput.InputNotSanitized,"Detected usage of a non-sanitized input variable: $_FILES[&#039;file&#039;]",,5,https://clientflow.wpclientflow.co.uk/wp-admin/plugin-editor.php?plugin=clientflow%2Fclientflow.php&file=clientflow%2Frest-api%2Ffiles.php&line=126
modules/projects/handlers.php,40,21,WARNING,WordPress.DB.DirectDatabaseQuery.DirectQuery,"Use of a direct database call is discouraged.",,5,https://clientflow.wpclientflow.co.uk/wp-admin/plugin-editor.php?plugin=clientflow%2Fclientflow.php&file=clientflow%2Fmodules%2Fprojects%2Fhandlers.php&line=40
modules/projects/handlers.php,40,21,WARNING,WordPress.DB.DirectDatabaseQuery.NoCaching,"Direct database call without caching detected. Consider using wp_cache_get() / wp_cache_set() or wp_cache_delete().",,5,https://clientflow.wpclientflow.co.uk/wp-admin/plugin-editor.php?plugin=clientflow%2Fclientflow.php&file=clientflow%2Fmodules%2Fprojects%2Fhandlers.php&line=40
modules/projects/handlers.php,52,21,WARNING,WordPress.DB.DirectDatabaseQuery.DirectQuery,"Use of a direct database call is discouraged.",,5,https://clientflow.wpclientflow.co.uk/wp-admin/plugin-editor.php?plugin=clientflow%2Fclientflow.php&file=clientflow%2Fmodules%2Fprojects%2Fhandlers.php&line=52
modules/projects/handlers.php,52,21,WARNING,WordPress.DB.DirectDatabaseQuery.NoCaching,"Direct database call without caching detected. Consider using wp_cache_get() / wp_cache_set() or wp_cache_delete().",,5,https://clientflow.wpclientflow.co.uk/wp-admin/plugin-editor.php?plugin=clientflow%2Fclientflow.php&file=clientflow%2Fmodules%2Fprojects%2Fhandlers.php&line=52
modules/projects/handlers.php,91,24,WARNING,WordPress.DB.DirectDatabaseQuery.DirectQuery,"Use of a direct database call is discouraged.",,5,https://clientflow.wpclientflow.co.uk/wp-admin/plugin-editor.php?plugin=clientflow%2Fclientflow.php&file=clientflow%2Fmodules%2Fprojects%2Fhandlers.php&line=91
modules/projects/handlers.php,91,24,WARNING,WordPress.DB.DirectDatabaseQuery.NoCaching,"Direct database call without caching detected. Consider using wp_cache_get() / wp_cache_set() or wp_cache_delete().",,5,https://clientflow.wpclientflow.co.uk/wp-admin/plugin-editor.php?plugin=clientflow%2Fclientflow.php&file=clientflow%2Fmodules%2Fprojects%2Fhandlers.php&line=91
clientflow.php,212,14,WARNING,WordPress.DB.DirectDatabaseQuery.DirectQuery,"Use of a direct database call is discouraged.",,5,https://clientflow.wpclientflow.co.uk/wp-admin/plugin-editor.php?plugin=clientflow%2Fclientflow.php&file=clientflow%2Fclientflow.php&line=212
clientflow.php,212,14,WARNING,WordPress.DB.DirectDatabaseQuery.NoCaching,"Direct database call without caching detected. Consider using wp_cache_get() / wp_cache_set() or wp_cache_delete().",,5,https://clientflow.wpclientflow.co.uk/wp-admin/plugin-editor.php?plugin=clientflow%2Fclientflow.php&file=clientflow%2Fclientflow.php&line=212
clientflow.php,428,29,WARNING,WordPress.DB.DirectDatabaseQuery.DirectQuery,"Use of a direct database call is discouraged.",,5,https://clientflow.wpclientflow.co.uk/wp-admin/plugin-editor.php?plugin=clientflow%2Fclientflow.php&file=clientflow%2Fclientflow.php&line=428
clientflow.php,428,29,WARNING,WordPress.DB.DirectDatabaseQuery.NoCaching,"Direct database call without caching detected. Consider using wp_cache_get() / wp_cache_set() or wp_cache_delete().",,5,https://clientflow.wpclientflow.co.uk/wp-admin/plugin-editor.php?plugin=clientflow%2Fclientflow.php&file=clientflow%2Fclientflow.php&line=428
